t,mean_arrivals_per_hour,mean_iat
0,1,60
60,0.5,120
120,0.8,75
180,1,60
240,1.5,40
300,2,30
360,2.5,24
420,3.125,19.2
480,4.875,12.3076923076923
540,7.5,8
600,9,6.66666666666667
660,10,6
720,10,6
780,9,6.66666666666667
840,9,6.66666666666667
900,8.125,7.38461538461539
960,7.875,7.61904761904762
1020,7.75,7.74193548387097
1080,8.375,7.16417910447761
1140,8.25,7.27272727272727
1200,6,10
1260,5,12
1320,4,15
1380,3,20
