t,mean_arrivals_per_hour,mean_iat
0,3.7,16.2162162162162
60,3.2,18.75
120,2.4,25
180,2.3,26.0869565217391
240,2,30
300,2.2,27.2727272727273
360,2,30
420,2.5,24
480,3.9,15.3846153846154
540,6,10
600,7,8.57142857142857
660,7.3,8.21917808219178
720,7.4,8.10810810810811
780,6,10
840,5.5,10.9090909090909
900,5.2,11.5384615384615
960,5,12
1020,4.8,12.5
1080,4.6,13.0434782608696
1140,4.4,13.6363636363636
1200,4.3,13.953488372093
1260,4,15
1320,4,15
1380,3.8,15.7894736842105
